CREATE TABLE COUNTRY
(
    COUNTRY_ID                   NUMBER(10,0)          NOT NULL,
    COUNTRY_CODE                 VARCHAR2(10 BYTE)     NOT NULL,
    THREE_LETTER_COUNTRY_CODE    VARCHAR2(10 BYTE)     NOT NULL,
    PHONE_CODE                   VARCHAR2(10 BYTE)     NOT NULL,
    DISPLAY_LABEL                VARCHAR2(256 BYTE)    NOT NULL,
    CREATED                      DATE                  DEFAULT SYS_EXTRACT_UTC(LOCALTIMESTAMP) NOT NULL,
    LAST_MODIFIED                DATE                  NULL,
    CONSTRAINT COUNTRY_PK PRIMARY KEY (COUNTRY_ID)
)
;

ALTER TABLE COUNTRY
    ADD CONSTRAINT UC_COUNTRY_CODE UNIQUE (COUNTRY_CODE)
;

ALTER TABLE COUNTRY
    ADD CONSTRAINT UC_THREE_LETTER_COUNTRY_CODE UNIQUE (THREE_LETTER_COUNTRY_CODE)
;

CREATE SEQUENCE COUNTRY_SEQ START WITH 1 INCREMENT BY 1
;

INSERT INTO COUNTRY (COUNTRY_ID, COUNTRY_CODE, THREE_LETTER_COUNTRY_CODE, PHONE_CODE, DISPLAY_LABEL, CREATED, LAST_MODIFIED) VALUES (COUNTRY_SEQ.nextval, 'US', 'USA', 'US', 'United States', SYSDATE, null);
INSERT INTO COUNTRY (COUNTRY_ID, COUNTRY_CODE, THREE_LETTER_COUNTRY_CODE, PHONE_CODE, DISPLAY_LABEL, CREATED, LAST_MODIFIED) VALUES (COUNTRY_SEQ.nextval, 'KR', 'KOR', 'KR', 'Korea, Republic', SYSDATE, null);


create table CRITERIA
(
    CRITERIA_ID NUMBER not null
        constraint CRITERIA_PK
            primary key,
    ELIGIBILITY_ID NUMBER not null,
    CONTENT VARCHAR2(1000) not null,
    CREATED DATE NOT NULL,
    LAST_MODIFIED DATE NULL,
    IS_DELETE NUMBER not null
)
;


create sequence CRITERIA_SEQ START WITH 1 INCREMENT BY 1
;


create table ELIGIBILITY
(
    ELIGIBILITY_ID NUMBER not null
        constraint ELIGIBILITY_PK
            primary key,
    FI_TOKEN VARCHAR2(100),
    CONTENT_TITLE VARCHAR2(1000),
    TITLE VARCHAR2(500),
    MESSAGE VARCHAR2(1000),
    CREATED DATE not null,
    LAST_MODIFIED DATE,
    IS_DELETE NUMBER not null
)
;


create sequence ELIGIBILITY_SEQ START WITH 1 INCREMENT BY 1
;


CREATE TABLE FINANCIAL_INSTITUTION
(
    FI_ID                      NUMBER(10,0)           NOT NULL,
    FI_NAME                    VARCHAR2(256 BYTE)     NOT NULL,
    CONTACT_EMAIL_ADDRESS      VARCHAR2(256 BYTE)     NULL,
    CONTACT_PHONE_NUMBER       VARCHAR2(256 BYTE)     NULL,
    BILLING_EMAIL_ADDRESS      VARCHAR2(256 BYTE)     NULL,
    SOURCE_EMAIL_ADDRESS       VARCHAR2(256 BYTE)     NULL,
    FI_TOKEN                   VARCHAR2(20 BYTE)      NOT NULL,
    FI_TOKEN_ALIAS1            VARCHAR2(4000 BYTE)    NULL,
    FI_TOKEN_ALIAS2            VARCHAR2(4000 BYTE)    NULL,
    DEFAULT_HOME_COUNTRY_ID    NUMBER(10,0)           NOT NULL,
    CREATED                    DATE                   DEFAULT SYS_EXTRACT_UTC(LOCALTIMESTAMP) NOT NULL,
    LAST_MODIFIED              DATE                   NULL,
    DELETED                    DATE                   NULL,
    STATUS                     VARCHAR2(20 BYTE)      NULL,
    CONSTRAINT FINANCIAL_INSTITUTION_PK PRIMARY KEY (FI_ID)
)
;


ALTER TABLE FINANCIAL_INSTITUTION
    ADD CONSTRAINT UC_FI_TOKEN UNIQUE (FI_TOKEN)
;

CREATE SEQUENCE FINANCIAL_INSTITUTION_SEQ START WITH 1 INCREMENT BY 1
;


CREATE TABLE JOURNEY_POINT_MAP
(
    FI_TOKEN                VARCHAR2(40 BYTE)        NOT NULL,
    APP_TOKEN               VARCHAR2(40 BYTE)        NOT NULL,
    JOURNEY_POINT_ID        VARCHAR2(40 BYTE)        NOT NULL,
    JOURNEY_ID              NUMBER(10)               NOT NULL,
    CREATED_TIME            TIMESTAMP(3)             NOT NULL,
    LAST_MODIFIED_TIME      TIMESTAMP(3)             NOT NULL
)
;

ALTER TABLE JOURNEY_POINT_MAP ADD CONSTRAINT JOURNEY_POINT_MAP_PK PRIMARY KEY (FI_TOKEN, APP_TOKEN, JOURNEY_POINT_ID) USING INDEX
;

create table JOURNEY_SERVICE_VALUES
(
    ID NUMBER not null
        constraint JOURNEY_SERVICE_VALUES_PK
            primary key,
    SERVICE_ID NUMBER,
    SERVICE_FIELD_ID NUMBER,
    SERVICE_TYPE VARCHAR2(20),
    VALUE VARCHAR2(20),
    JOURNEY_ID NUMBER
)
;

create sequence JOURNEY_SERVICE_VALUES_SEQ START WITH 1 INCREMENT BY 1
;


create table JOURNEY_SERVICES
(
    ID NUMBER not null
        constraint JOURNEY_SERVICES_PK
            primary key,
    JOURNEY_ID NUMBER,
    SERVICE_ID NUMBER,
    POSITION NUMBER
)
;

create sequence JOURNEY_SERVICES_SEQ start with 1 increment by 1
;

create table JOURNEYS
(
    ID NUMBER not null
        constraint JOURNEYS_PK
            primary key,
    NAME VARCHAR2(256),
    FI_TOKEN VARCHAR2(20) not null,
    STATUS VARCHAR2(1)
)
;


create sequence JOURNEYS_SEQ start with 1 increment by 1
;


CREATE TABLE PRODUCT_GROUP
(
    PRODUCT_GROUP_ID		       NUMBER(10,0)           NOT NULL,
    FI_ID                      NUMBER(10,0)           NOT NULL,
    PRODUCT_GROUP_NAME         VARCHAR2(256 BYTE)     NOT NULL,
    CONSTRAINT PRODUCT_GROUP_PK PRIMARY KEY (PRODUCT_GROUP_ID)
)
;

ALTER TABLE PRODUCT_GROUP
    ADD CONSTRAINT UC_PRODUCT_GROUP_NAME UNIQUE (PRODUCT_GROUP_NAME)
;

CREATE SEQUENCE PRODUCT_GROUP_SEQ START WITH 1 INCREMENT BY 1
;


create table PRODUCT
(
    PRODUCT_ID NUMBER(10) not null
        constraint PRODUCT_PK
            primary key,
    PRODUCT_GROUP_ID NUMBER(10),
    FI_TOKEN VARCHAR2(1000),
    PRODUCT_NAME VARCHAR2(256),
    IMAGE_URI VARCHAR2(1024),
    DESCRIPTION VARCHAR2(2048),
    CREATED DATE,
    LAST_MODIFIED DATE,
    PRODUCT_TYPE VARCHAR2(256),
    CREATOR VARCHAR2(256),
    STATUS VARCHAR2(50),
    CONTENT_TITLE VARCHAR2(1000)
)
;


CREATE SEQUENCE PRODUCT_SEQ START WITH 1 INCREMENT BY 1
;


create table SERVICE_FIELD_ENUMERATIONS
(
    ID NUMBER not null
        constraint SERVICE_FIELD_ENUMERATIONS_PK
            primary key,
    SERVICE_FIELD_ID NUMBER,
    NAME VARCHAR2(100),
    VALUE VARCHAR2(20),
    IS_ACTIVE VARCHAR2(1),
    POSITION NUMBER,
    FI_TOKEN VARCHAR2(20) not null
)
;

create sequence SERVICE_FIELD_ENUMERATIONS_SEQ start with 1000 increment by 1
;


INSERT INTO SERVICE_FIELD_ENUMERATIONS (ID, SERVICE_FIELD_ID, NAME, VALUE, IS_ACTIVE, POSITION, FI_TOKEN) VALUES (1, 1, '15 mins', '15', '1', 1, 'DemoFI');
INSERT INTO SERVICE_FIELD_ENUMERATIONS (ID, SERVICE_FIELD_ID, NAME, VALUE, IS_ACTIVE, POSITION, FI_TOKEN) VALUES (2, 1, '30 mins', '30', '1', 2, 'DemoFI');
INSERT INTO SERVICE_FIELD_ENUMERATIONS (ID, SERVICE_FIELD_ID, NAME, VALUE, IS_ACTIVE, POSITION, FI_TOKEN) VALUES (3, 1, '60 mins', '60', '1', 3, 'DemoFI');
INSERT INTO SERVICE_FIELD_ENUMERATIONS (ID, SERVICE_FIELD_ID, NAME, VALUE, IS_ACTIVE, POSITION, FI_TOKEN) VALUES (4, 3, '3 attempts', '3', '1', 1, 'DemoFI');
INSERT INTO SERVICE_FIELD_ENUMERATIONS (ID, SERVICE_FIELD_ID, NAME, VALUE, IS_ACTIVE, POSITION, FI_TOKEN) VALUES (5, 3, '4 attempts', '4', '1', 2, 'DemoFI');
INSERT INTO SERVICE_FIELD_ENUMERATIONS (ID, SERVICE_FIELD_ID, NAME, VALUE, IS_ACTIVE, POSITION, FI_TOKEN) VALUES (6, 3, '6 attempts', '6', '1', 3, 'DemoFI');
INSERT INTO SERVICE_FIELD_ENUMERATIONS (ID, SERVICE_FIELD_ID, NAME, VALUE, IS_ACTIVE, POSITION, FI_TOKEN) VALUES (7, 4, 'Alphanumeric', 'alphanumeric', '1', 1, 'DemoFI');
INSERT INTO SERVICE_FIELD_ENUMERATIONS (ID, SERVICE_FIELD_ID, NAME, VALUE, IS_ACTIVE, POSITION, FI_TOKEN) VALUES (8, 4, 'Numeric', 'numeric', '1', 2, 'DemoFI');
INSERT INTO SERVICE_FIELD_ENUMERATIONS (ID, SERVICE_FIELD_ID, NAME, VALUE, IS_ACTIVE, POSITION, FI_TOKEN) VALUES (9, 5, 'SMS', 'sms', '1', 1, 'DemoFI');
INSERT INTO SERVICE_FIELD_ENUMERATIONS (ID, SERVICE_FIELD_ID, NAME, VALUE, IS_ACTIVE, POSITION, FI_TOKEN) VALUES (10, 5, 'Email', 'email', '1', 2, 'DemoFI');
INSERT INTO SERVICE_FIELD_ENUMERATIONS (ID, SERVICE_FIELD_ID, NAME, VALUE, IS_ACTIVE, POSITION, FI_TOKEN) VALUES (11, 6, 'Terminate onboarding session, if MFA Status = invalid and MFA Retrial Threshold = Max', '1', '1', 1, 'DemoFI');
INSERT INTO SERVICE_FIELD_ENUMERATIONS (ID, SERVICE_FIELD_ID, NAME, VALUE, IS_ACTIVE, POSITION, FI_TOKEN) VALUES (12, 6, 'Ask customer to regenerate MFA, if MFA Status = Expired', '2', '1', 2, 'DemoFI');
INSERT INTO SERVICE_FIELD_ENUMERATIONS (ID, SERVICE_FIELD_ID, NAME, VALUE, IS_ACTIVE, POSITION, FI_TOKEN) VALUES (13, 12, 'Amount owed on accounts is too high', 'cdc__01', '1', 1, 'DemoFI');
INSERT INTO SERVICE_FIELD_ENUMERATIONS (ID, SERVICE_FIELD_ID, NAME, VALUE, IS_ACTIVE, POSITION, FI_TOKEN) VALUES (14, 12, 'Level of delinquency on accounts', 'cdc__02', '1', 2, 'DemoFI');
INSERT INTO SERVICE_FIELD_ENUMERATIONS (ID, SERVICE_FIELD_ID, NAME, VALUE, IS_ACTIVE, POSITION, FI_TOKEN) VALUES (15, 12, 'Too many banks or national revolving accounts', 'cdc__03', '1', 3, 'DemoFI');
INSERT INTO SERVICE_FIELD_ENUMERATIONS (ID, SERVICE_FIELD_ID, NAME, VALUE, IS_ACTIVE, POSITION, FI_TOKEN) VALUES (16, 12, 'Too many accounts with balance', 'cdc__04', '1', 4, 'DemoFI');
INSERT INTO SERVICE_FIELD_ENUMERATIONS (ID, SERVICE_FIELD_ID, NAME, VALUE, IS_ACTIVE, POSITION, FI_TOKEN) VALUES (17, 12, 'Too many inquiries last 12 months', 'cdc__05', '1', 5, 'DemoFI');
INSERT INTO SERVICE_FIELD_ENUMERATIONS (ID, SERVICE_FIELD_ID, NAME, VALUE, IS_ACTIVE, POSITION, FI_TOKEN) VALUES (18, 12, 'Derogatory public record or collection field', 'cdc__06', '1', 6, 'DemoFI');
INSERT INTO SERVICE_FIELD_ENUMERATIONS (ID, SERVICE_FIELD_ID, NAME, VALUE, IS_ACTIVE, POSITION, FI_TOKEN) VALUES (19, 12, 'Amount owed on accounts is too high', 'cdc__07', '1', 7, 'DemoFI');
INSERT INTO SERVICE_FIELD_ENUMERATIONS (ID, SERVICE_FIELD_ID, NAME, VALUE, IS_ACTIVE, POSITION, FI_TOKEN) VALUES (20, 12, 'Serious delinquency', 'cdc__08', '1', 8, 'DemoFI');
INSERT INTO SERVICE_FIELD_ENUMERATIONS (ID, SERVICE_FIELD_ID, NAME, VALUE, IS_ACTIVE, POSITION, FI_TOKEN) VALUES (21, 12, 'Locked Credit File', 'cdc__09', '1', 9, 'DemoFI');
INSERT INTO SERVICE_FIELD_ENUMERATIONS (ID, SERVICE_FIELD_ID, NAME, VALUE, IS_ACTIVE, POSITION, FI_TOKEN) VALUES (22, 12, 'Too many accounts recently opened', 'cdc__10', '1', 10, 'DemoFI');
INSERT INTO SERVICE_FIELD_ENUMERATIONS (ID, SERVICE_FIELD_ID, NAME, VALUE, IS_ACTIVE, POSITION, FI_TOKEN) VALUES (23, 12, 'Amount owed on delinquent accounts', 'cdc__11', '1', 11, 'DemoFI');
INSERT INTO SERVICE_FIELD_ENUMERATIONS (ID, SERVICE_FIELD_ID, NAME, VALUE, IS_ACTIVE, POSITION, FI_TOKEN) VALUES (24, 12, 'Frozen Credit File', 'cdc__12', '1', 12, 'DemoFI');
INSERT INTO SERVICE_FIELD_ENUMERATIONS (ID, SERVICE_FIELD_ID, NAME, VALUE, IS_ACTIVE, POSITION, FI_TOKEN) VALUES (25, 12, 'Serious delinquency and public record or collection field', 'cdc__13', '1', 13, 'DemoFI');
INSERT INTO SERVICE_FIELD_ENUMERATIONS (ID, SERVICE_FIELD_ID, NAME, VALUE, IS_ACTIVE, POSITION, FI_TOKEN) VALUES (26, 12, 'Ratio of balance to limit on bank revolving or other rev accounts is too high', 'cdc__14', '1', 14, 'DemoFI');
INSERT INTO SERVICE_FIELD_ENUMERATIONS (ID, SERVICE_FIELD_ID, NAME, VALUE, IS_ACTIVE, POSITION, FI_TOKEN) VALUES (27, 13, 'OFAC Check', 'ravs_01', '1', 1, 'DemoFI');
INSERT INTO SERVICE_FIELD_ENUMERATIONS (ID, SERVICE_FIELD_ID, NAME, VALUE, IS_ACTIVE, POSITION, FI_TOKEN) VALUES (28, 13, 'SSN Verification', 'ravs_02', '1', 2, 'DemoFI');
INSERT INTO SERVICE_FIELD_ENUMERATIONS (ID, SERVICE_FIELD_ID, NAME, VALUE, IS_ACTIVE, POSITION, FI_TOKEN) VALUES (29, 13, 'Address Verification', 'ravs_03', '1', 3, 'DemoFI');
INSERT INTO SERVICE_FIELD_ENUMERATIONS (ID, SERVICE_FIELD_ID, NAME, VALUE, IS_ACTIVE, POSITION, FI_TOKEN) VALUES (30, 13, 'Phone Verification', 'ravs_04', '1', 4, 'DemoFI');
INSERT INTO SERVICE_FIELD_ENUMERATIONS (ID, SERVICE_FIELD_ID, NAME, VALUE, IS_ACTIVE, POSITION, FI_TOKEN) VALUES (31, 13, 'DoB Verification', 'ravs_05', '1', 5, 'DemoFI');
INSERT INTO SERVICE_FIELD_ENUMERATIONS (ID, SERVICE_FIELD_ID, NAME, VALUE, IS_ACTIVE, POSITION, FI_TOKEN) VALUES (32, 13, 'Drive License Verification', 'ravs_06', '1', 6, 'DemoFI');


create table SERVICE_FIELDS
(
    ID NUMBER not null
        constraint SERVICE_FIELDS_PK
            primary key,
    SERVICE_VENDOR_FIELD_ID NUMBER,
    KEY VARCHAR2(30),
    NAME VARCHAR2(50),
    FIELD_FORMAT VARCHAR2(20),
    POSSIBLE_VALUES VARCHAR2(2000),
    REGEXP VARCHAR2(200),
    MIN_LEN NUMBER,
    MAX_LEN NUMBER,
    IS_REQUIRED VARCHAR2(1),
    POSITION NUMBER,
    DEFAULT_VALUE VARCHAR2(50),
    IS_ADDABLE VARCHAR2(1),
    IS_VISIBLE VARCHAR2(1),
    IS_MULTIPLE_CHOICE VARCHAR2(1),
    FORMAT_STORE VARCHAR2(200),
    DESCRIPTION VARCHAR2(2000)
)
;


create sequence SERVICE_FIELDS_SEQ start with 1000 increment by 1
;


INSERT INTO SERVICE_FIELDS (ID, SERVICE_VENDOR_FIELD_ID, KEY, NAME, FIELD_FORMAT, POSSIBLE_VALUES, REGEXP, MIN_LEN, MAX_LEN, IS_REQUIRED, POSITION, DEFAULT_VALUE, IS_ADDABLE, IS_VISIBLE, IS_MULTIPLE_CHOICE, FORMAT_STORE, DESCRIPTION) VALUES (1, 1, 'otpExpiration', 'OTP Expiration', 'enumeration', null, null, null, null, '1', 3, null, '1', '1', '0', 'ui_tag_style:radio', null);
INSERT INTO SERVICE_FIELDS (ID, SERVICE_VENDOR_FIELD_ID, KEY, NAME, FIELD_FORMAT, POSSIBLE_VALUES, REGEXP, MIN_LEN, MAX_LEN, IS_REQUIRED, POSITION, DEFAULT_VALUE, IS_ADDABLE, IS_VISIBLE, IS_MULTIPLE_CHOICE, FORMAT_STORE, DESCRIPTION) VALUES (2, 1, 'otpLength', 'OTP Length', 'list', '---
- 4
- 6
- 8', null, null, null, '1', 5, null, '1', '1', '0', 'ui_tag_style:radio', null);
INSERT INTO SERVICE_FIELDS (ID, SERVICE_VENDOR_FIELD_ID, KEY, NAME, FIELD_FORMAT, POSSIBLE_VALUES, REGEXP, MIN_LEN, MAX_LEN, IS_REQUIRED, POSITION, DEFAULT_VALUE, IS_ADDABLE, IS_VISIBLE, IS_MULTIPLE_CHOICE, FORMAT_STORE, DESCRIPTION) VALUES (3, 1, 'otpRetrials', 'OTP Retrials', 'enumeration', null, null, null, null, '1', 4, null, '1', '1', '0', 'ui_tag_style:radio', null);
INSERT INTO SERVICE_FIELDS (ID, SERVICE_VENDOR_FIELD_ID, KEY, NAME, FIELD_FORMAT, POSSIBLE_VALUES, REGEXP, MIN_LEN, MAX_LEN, IS_REQUIRED, POSITION, DEFAULT_VALUE, IS_ADDABLE, IS_VISIBLE, IS_MULTIPLE_CHOICE, FORMAT_STORE, DESCRIPTION) VALUES (4, 1, 'otpType', 'OTP Type', 'enumeration', null, null, null, null, '1', 1, null, '0', '1', '1', 'ui_tag_style:radio', null);
INSERT INTO SERVICE_FIELDS (ID, SERVICE_VENDOR_FIELD_ID, KEY, NAME, FIELD_FORMAT, POSSIBLE_VALUES, REGEXP, MIN_LEN, MAX_LEN, IS_REQUIRED, POSITION, DEFAULT_VALUE, IS_ADDABLE, IS_VISIBLE, IS_MULTIPLE_CHOICE, FORMAT_STORE, DESCRIPTION) VALUES (5, 1, 'otpDelivery', 'OTP Delivery', 'enumeration', null, null, null, null, '1', 2, null, '0', '1', '1', 'ui_tag_style:check_box', null);
INSERT INTO SERVICE_FIELDS (ID, SERVICE_VENDOR_FIELD_ID, KEY, NAME, FIELD_FORMAT, POSSIBLE_VALUES, REGEXP, MIN_LEN, MAX_LEN, IS_REQUIRED, POSITION, DEFAULT_VALUE, IS_ADDABLE, IS_VISIBLE, IS_MULTIPLE_CHOICE, FORMAT_STORE, DESCRIPTION) VALUES (6, 2, 'otpBusinessRules', 'Business Rules', 'enumeration', null, null, null, null, '1', 3, null, '0', '1', '1', 'ui_tag_style:check_box', null);
INSERT INTO SERVICE_FIELDS (ID, SERVICE_VENDOR_FIELD_ID, KEY, NAME, FIELD_FORMAT, POSSIBLE_VALUES, REGEXP, MIN_LEN, MAX_LEN, IS_REQUIRED, POSITION, DEFAULT_VALUE, IS_ADDABLE, IS_VISIBLE, IS_MULTIPLE_CHOICE, FORMAT_STORE, DESCRIPTION) VALUES (7, 3, 'products', 'Products', 'product', null, null, null, null, '1', 1, null, '0', '1', '1', null, null);
INSERT INTO SERVICE_FIELDS (ID, SERVICE_VENDOR_FIELD_ID, KEY, NAME, FIELD_FORMAT, POSSIBLE_VALUES, REGEXP, MIN_LEN, MAX_LEN, IS_REQUIRED, POSITION, DEFAULT_VALUE, IS_ADDABLE, IS_VISIBLE, IS_MULTIPLE_CHOICE, FORMAT_STORE, DESCRIPTION) VALUES (8, 4, 'tnc', 'Terms and Conditions', 'tnc', null, null, null, null, '0', 1, null, '0', '1', '1', null, null);
INSERT INTO SERVICE_FIELDS (ID, SERVICE_VENDOR_FIELD_ID, KEY, NAME, FIELD_FORMAT, POSSIBLE_VALUES, REGEXP, MIN_LEN, MAX_LEN, IS_REQUIRED, POSITION, DEFAULT_VALUE, IS_ADDABLE, IS_VISIBLE, IS_MULTIPLE_CHOICE, FORMAT_STORE, DESCRIPTION) VALUES (9, 5, 'eligibility', 'Eligibility Check', 'eligibility', null, null, null, null, '0', 1, null, '0', '1', '1', null, null);
INSERT INTO SERVICE_FIELDS (ID, SERVICE_VENDOR_FIELD_ID, KEY, NAME, FIELD_FORMAT, POSSIBLE_VALUES, REGEXP, MIN_LEN, MAX_LEN, IS_REQUIRED, POSITION, DEFAULT_VALUE, IS_ADDABLE, IS_VISIBLE, IS_MULTIPLE_CHOICE, FORMAT_STORE, DESCRIPTION) VALUES (10, 6, 'esignature', 'E-Signature', 'esignature', null, null, null, null, '1', 1, null, '0', '1', '1', null, null);
INSERT INTO SERVICE_FIELDS (ID, SERVICE_VENDOR_FIELD_ID, KEY, NAME, FIELD_FORMAT, POSSIBLE_VALUES, REGEXP, MIN_LEN, MAX_LEN, IS_REQUIRED, POSITION, DEFAULT_VALUE, IS_ADDABLE, IS_VISIBLE, IS_MULTIPLE_CHOICE, FORMAT_STORE, DESCRIPTION) VALUES (11, 7, 'creditAcceptableScore', 'Minimum Acceptable Credit Score', 'string', null, '^[1-9]\d*(\+)(850|8[0-4][0-9]|3[0-9][0-9])$', null, null, '1', 1, null, '0', '1', '1', 'ui_tag_style:product+slideScore', null);
INSERT INTO SERVICE_FIELDS (ID, SERVICE_VENDOR_FIELD_ID, KEY, NAME, FIELD_FORMAT, POSSIBLE_VALUES, REGEXP, MIN_LEN, MAX_LEN, IS_REQUIRED, POSITION, DEFAULT_VALUE, IS_ADDABLE, IS_VISIBLE, IS_MULTIPLE_CHOICE, FORMAT_STORE, DESCRIPTION) VALUES (12, 8, 'creditDeclineCode', 'Credit Decline Code', 'enumeration', null, null, null, null, '1', 1, null, '0', '1', '1', 'ui_tag_style:check_box', null);
INSERT INTO SERVICE_FIELDS (ID, SERVICE_VENDOR_FIELD_ID, KEY, NAME, FIELD_FORMAT, POSSIBLE_VALUES, REGEXP, MIN_LEN, MAX_LEN, IS_REQUIRED, POSITION, DEFAULT_VALUE, IS_ADDABLE, IS_VISIBLE, IS_MULTIPLE_CHOICE, FORMAT_STORE, DESCRIPTION) VALUES (13, 9, 'assetVerificationStrategy', 'Configure Risk Assessment Verification Strategy', 'enumeration', null, null, null, null, '1', 1, null, '0', '1', '1', 'ui_tag_style:check_box', null);
INSERT INTO SERVICE_FIELDS (ID, SERVICE_VENDOR_FIELD_ID, KEY, NAME, FIELD_FORMAT, POSSIBLE_VALUES, REGEXP, MIN_LEN, MAX_LEN, IS_REQUIRED, POSITION, DEFAULT_VALUE, IS_ADDABLE, IS_VISIBLE, IS_MULTIPLE_CHOICE, FORMAT_STORE, DESCRIPTION) VALUES (14, 10, 'assetThresholdScore', 'Approved Risk Threshold Score', 'string', null, '^(850|8[0-4][0-9]|3[0-9][0-9])$', null, null, '1', 1, null, '0', '1', '1', 'ui_tag_style:slideScore', null);


create table SERVICE_VENDOR_FIELDS
(
    ID NUMBER not null
        constraint SERVICE_VENDOR_FIELDS_PK
            primary key,
    NAME VARCHAR2(50),
    SERVICE_ID NUMBER,
    SERVICE_VENDOR_ID NUMBER,
    POSITION NUMBER,
    COLUMNS NUMBER,
    KEY VARCHAR2(50)
)
;

create sequence SERVICE_VENDOR_FIELDS_SEQ start with 1000 increment by 1
;


INSERT INTO SERVICE_VENDOR_FIELDS (ID, NAME, SERVICE_ID, SERVICE_VENDOR_ID, POSITION, KEY, COLUMNS) VALUES (1, 'Configuration', 2, 1, 1, 'CONFIGURATION', 6);
INSERT INTO SERVICE_VENDOR_FIELDS (ID, NAME, SERVICE_ID, SERVICE_VENDOR_ID, POSITION, KEY, COLUMNS) VALUES (2, 'Business Rules', 2, 1, 2, 'BUSINESS_RULES', 1);
INSERT INTO SERVICE_VENDOR_FIELDS (ID, NAME, SERVICE_ID, SERVICE_VENDOR_ID, POSITION, KEY, COLUMNS) VALUES (3, 'Products', 1, 1, 1, 'PRODUCTS', 1);
INSERT INTO SERVICE_VENDOR_FIELDS (ID, NAME, SERVICE_ID, SERVICE_VENDOR_ID, POSITION, KEY, COLUMNS) VALUES (4, 'Terms and Conditions', 11, 1, 1, 'TERMS_AND_CONDITIONS', 1);
INSERT INTO SERVICE_VENDOR_FIELDS (ID, NAME, SERVICE_ID, SERVICE_VENDOR_ID, POSITION, KEY, COLUMNS) VALUES (5, 'Eligibility Check', 15, 1, 1, 'ELIGIBILITY_CHECK', 1);
INSERT INTO SERVICE_VENDOR_FIELDS (ID, NAME, SERVICE_ID, SERVICE_VENDOR_ID, POSITION, KEY, COLUMNS) VALUES (6, 'E-Signature', 12, 1, 1, 'ESIGNATURE', 1);
INSERT INTO SERVICE_VENDOR_FIELDS (ID, NAME, SERVICE_ID, SERVICE_VENDOR_ID, POSITION, KEY, COLUMNS) VALUES (7, 'Minimum Acceptable Credit Score', 4, 1, 1, 'CONFIGURATION', 1);
INSERT INTO SERVICE_VENDOR_FIELDS (ID, NAME, SERVICE_ID, SERVICE_VENDOR_ID, POSITION, KEY, COLUMNS) VALUES (8, 'Credit Decline Code', 4, 1, 2, 'BUSINESS_RULES', 2);
INSERT INTO SERVICE_VENDOR_FIELDS (ID, NAME, SERVICE_ID, SERVICE_VENDOR_ID, POSITION, KEY, COLUMNS) VALUES (9, 'Configure Risk Assessment Verification Strategy', 14, 1, 1, 'BUSINESS_RULES', 6);
INSERT INTO SERVICE_VENDOR_FIELDS (ID, NAME, SERVICE_ID, SERVICE_VENDOR_ID, POSITION, KEY, COLUMNS) VALUES (10, 'Approved Risk Threshold Score', 14, 1, 2, 'CONFIGURATION', 1);

create table SERVICE_VENDORS
(
    ID NUMBER not null
        constraint SERVICE_VENDORS_PK
            primary key,
    NAME VARCHAR2(30),
    TYPE VARCHAR2(30),
    SUPPORT_SERVICES VARCHAR2(100),
    POSITION NUMBER
)
;

create sequence SERVICE_VENDORS_SEQ start with 1000 increment by 1
;


INSERT INTO SERVICE_VENDORS (ID, NAME, TYPE, SUPPORT_SERVICES, POSITION) VALUES (1, 'Ondot', 'ONDOT', '1,0,1,0,1,1,1,1,1,0', 1);
INSERT INTO SERVICE_VENDORS (ID, NAME, TYPE, SUPPORT_SERVICES, POSITION) VALUES (2, 'Experian', 'EXPERIAN', '1,1,1,0,0,0,0,0,0,0', 2);
INSERT INTO SERVICE_VENDORS (ID, NAME, TYPE, SUPPORT_SERVICES, POSITION) VALUES (3, 'Gemalto', 'GEMALTO', '1,1,0,0,0,0,0,0,0,0', 3);
INSERT INTO SERVICE_VENDORS (ID, NAME, TYPE, SUPPORT_SERVICES, POSITION) VALUES (4, 'Yodlee', 'YODLEE', '0,0,0,1,0,0,0,0,0,0', 4);

create table SERVICES
(
    ID NUMBER not null
        constraint SERVICES_PK
            primary key,
    NAME VARCHAR2(256),
    TYPE VARCHAR2(30),
    STATUS NUMBER(1),
    POSITION NUMBER,
    BIT_POSITION NUMBER(2)
)
;


create sequence SERVICES_SEQ start with 1000 increment by 1
;

INSERT INTO SERVICES (ID, NAME, TYPE, STATUS, POSITION, BIT_POSITION) VALUES (1, 'Product Type / Product', 'PRODUCT', 1, 1, 5);
INSERT INTO SERVICES (ID, NAME, TYPE, STATUS, POSITION, BIT_POSITION) VALUES (2, 'Mobile Number Verification', 'MFA', 1, 2, 1);
INSERT INTO SERVICES (ID, NAME, TYPE, STATUS, POSITION, BIT_POSITION) VALUES (3, 'ID&V', 'IDV', 1, 3, 2);
INSERT INTO SERVICES (ID, NAME, TYPE, STATUS, POSITION, BIT_POSITION) VALUES (4, 'Credit Check', 'CREDIT_CHECK', 1, 4, 3);
INSERT INTO SERVICES (ID, NAME, TYPE, STATUS, POSITION, BIT_POSITION) VALUES (5, 'Instant Issuance', 'INSTANT_ISSUANCE', 1, 5, null);
INSERT INTO SERVICES (ID, NAME, TYPE, STATUS, POSITION, BIT_POSITION) VALUES (6, 'Activate Card', 'ACTIVATE_CARD', 1, 6, null);
INSERT INTO SERVICES (ID, NAME, TYPE, STATUS, POSITION, BIT_POSITION) VALUES (7, 'Push Provisioning', 'PUSH_PROVISIONING', 1, 7, null);
INSERT INTO SERVICES (ID, NAME, TYPE, STATUS, POSITION, BIT_POSITION) VALUES (8, 'Email Checking', 'EMAIL_CHECKING', 1, 8, null);
INSERT INTO SERVICES (ID, NAME, TYPE, STATUS, POSITION, BIT_POSITION) VALUES (9, 'Cardholder Verification', 'CARDHOLDER_VERIFICATION', 1, 9, 4);
INSERT INTO SERVICES (ID, NAME, TYPE, STATUS, POSITION, BIT_POSITION) VALUES (10, 'Home Address Verification', 'HOME_ADDRESS_VERIFICATION', 1, 10, null);
INSERT INTO SERVICES (ID, NAME, TYPE, STATUS, POSITION, BIT_POSITION) VALUES (11, 'Terms & Conditions', 'TERMS_AND_CONDITIONS', 1, 11, 6);
INSERT INTO SERVICES (ID, NAME, TYPE, STATUS, POSITION, BIT_POSITION) VALUES (12, 'E-Signature', 'ESIGNATURE', 1, 12, 9);
INSERT INTO SERVICES (ID, NAME, TYPE, STATUS, POSITION, BIT_POSITION) VALUES (13, 'Customer Information', 'CINFO', 1, 13, null);
INSERT INTO SERVICES (ID, NAME, TYPE, STATUS, POSITION, BIT_POSITION) VALUES (14, 'Risk Assessment', 'RISK_ASSESSMENT', 1, 14, 8);
INSERT INTO SERVICES (ID, NAME, TYPE, STATUS, POSITION, BIT_POSITION) VALUES (15, 'Eligibility Check', 'ELIGIBILITY_CHECK', 1, 15, 7);


create table TNC
(
    ID NUMBER not null
        constraint TNC_PK
            primary key,
    FI_TOKEN VARCHAR2(100) not null ,
    FILE_NAME VARCHAR2(500) not null ,
    STATUS VARCHAR2(50),
    CREATED DATE not null ,
    CREATOR VARCHAR2(200) not null ,
    LAST_MODIFIED DATE,
    CONTENT_TITLE VARCHAR2(1000)
)
;

create sequence TNC_SEQ start with 1 increment by 1
;


create table ESIGNATURE
(
    ESIGNATURE_ID NUMBER not null
        constraint ESIGNATURE_PK
            primary key,
    FI_TOKEN VARCHAR2(100),
    CONTENT_TITLE VARCHAR2(1000),
    TITLE VARCHAR2(500),
    MESSAGE VARCHAR2(1000),
    CREATED DATE,
    LAST_MODIFIED DATE,
    IS_DELETE NUMBER(1)
)
;



CREATE SEQUENCE ESIGNATURE_SEQ START WITH 1 INCREMENT BY 1
;

create table ESIGNATURE_ITEM
(
    ESIGNATURE_ITEM_ID NUMBER not null
        constraint ESIGNATURE_ITEM_PK
            primary key,
    ESIGNATURE_ID NUMBER not null,
    CONTENT VARCHAR2(1000),
    CREATED DATE,
    LAST_MODIFIED DATE
)
;



CREATE SEQUENCE ESIGNATURE_ITEM_SEQ START WITH 1 INCREMENT BY 1
;